{"Steps": 90745, "_runtime": 10429, "_timestamp": 1616100441, "_step": 12139, "Return": 36.37545986590563, "Avg Return": 6.6583426723626875, "Achieved Goal": 0}