{"Steps": 93, "_runtime": 30, "_timestamp": 1616086579, "_step": 8, "Return": -358.3389999999999, "Avg Return": -496.6699999999999}