{"Steps": 17187, "_runtime": 1669, "_timestamp": 1616089421, "_step": 2291, "Return": -495.7250000000002, "Avg Return": -401.41173313586364, "Achieved Goal": 0}