{"Steps": 1260, "_runtime": 142, "_timestamp": 1616089927, "_step": 167, "Return": -178.41799999999998, "Avg Return": -236.41790695294293, "Achieved Goal": 0}