{"Steps": 420, "_runtime": 39, "_timestamp": 1616089987, "_step": 55, "Return": -412.99699999999996, "Avg Return": -279.90471716169554, "Achieved Goal": -2000.0}