{"Steps": 4030, "_runtime": 431, "_timestamp": 1616087142, "_step": 389, "Return": -457.45199999999977, "Avg Return": -301.6828686204426}