{"Steps": 1170, "_runtime": 110, "_timestamp": 1616087487, "_step": 155, "Return": -285.97199999999987, "Avg Return": -336.0293166797641, "Achieved Goal": 0}